﻿"SUS Questions for the VRI Module - I found that, while using the VRI Module,the expected outcome would occur after a performed a certain action such as pressing a particular button",SUS Questions for the VRI Module - I found the VRI Module unnecessarily complex,SUS Questions for the VRI Module - I imagine that most people would learn to use the VRI Module very quickly,SUS Questions for the VRI Module - I needed to learn a lot of things before I could use the VRI Module,SUS Questions for the VRI Module - I think that I would like to use this VRI Module frequently,SUS Questions for the VRI Module - I think that I would need the support of a technical person to be able to use the VRI Module,SUS Questions for the VRI Module - I thought the VRI Module was easy to use,SUS Questions for the VRI Module - I thought that the animations of the avatars was smooth,SUS Questions for the VRI Module - The fire and smoke were the appropriate size,What is your major?,What is your gender?,What is your classification?,Did you find this explanation useful?
1,1,4,1,1,1,1,1,1,Data Science,Male,Graduate,18-24
3,1,3,3,4,4,3,3,3,Data Science,Female,Graduate,25-34
3,1,5,1,4,1,5,5,1,Data Science,Male,Graduate,25-34
3,2,5,1,4,1,4,4,4,Computer Science,Male,Graduate,25-34
3,2,5,5,5,2,5,5,5,Data Science,Female,Graduate,18-24
3,3,3,3,2,4,4,3,3,Data Science,Female,Graduate,18-24
3,3,3,3,3,3,3,3,3,Data Science,Female,Graduate,25-34
3,3,3,3,3,3,3,3,3,Information Science,Male,Graduate,25-34
3,3,5,2,4,2,4,5,3,Information Science,Female,Graduate,25-34
3,4,3,3,4,2,3,5,3,Data Science,Male,Graduate,25-34
3,4,3,4,3,3,3,4,3,Information Science,Female,Graduate,18-24
3,4,4,4,4,4,5,4,4,Information Science,Male,Graduate,18-24
4,1,4,1,4,1,4,4,1,Data Science,Female,Graduate,25-34
4,1,4,1,4,1,5,4,4,Data Science,Male,Graduate,18-24
4,2,4,1,4,1,4,4,3,Data Science,Male,Graduate,25-34
4,2,4,4,5,1,3,4,4,Business Analytics,Female,Graduate,25-34
4,3,3,2,4,3,4,3,4,Data Science,Female,Graduate,25-34
4,3,3,4,3,4,3,4,4,Information Science,Female,Graduate,25-34
4,3,4,4,4,4,4,3,4,Data Science,Female,Graduate,25-34
4,3,5,5,5,3,5,5,5,Data Science,Male,Graduate,25-34
4,4,4,4,3,4,4,3,4,Data Science,Female,Graduate,18-24
4,4,4,4,4,4,4,4,4,Data Science,Female,Freshman,18-24
4,4,4,4,4,4,4,4,4,Data Science,Female,Graduate,18-24
4,4,4,4,4,4,4,4,4,Data Science,Female,Graduate,25-34
4,4,4,4,4,4,4,4,4,Data Science,Male,Freshman,45-54
4,4,4,4,4,4,4,4,4,Data Science,Male,Graduate,18-24
4,4,4,4,4,4,4,4,4,Data Science,Male,Graduate,25-34
4,4,4,4,4,4,4,4,4,Data Science,Male,Senior,25-34
4,4,4,4,4,4,4,4,4,Information Science,Female,Graduate,18-24
4,4,4,4,4,4,4,4,4,Information Science,Male,Graduate,18-24
4,4,4,4,5,4,4,4,4,Information Science,Female,Graduate,18-24
4,4,4,4,5,5,4,5,4,Data Science,Male,Graduate,18-24
4,4,5,4,5,4,5,5,4,Information Science,Male,Graduate,18-24
4,5,4,4,4,4,4,4,5,Data Science,Female,Graduate,25-34
4,5,5,4,4,5,4,5,4,Data Science,Male,Graduate,18-24
4,5,5,5,4,4,5,4,5,Data Science,Male,Graduate,18-24
4,5,5,5,4,5,5,4,5,Data Science,Female,Graduate,18-24
4,5,5,5,5,5,5,4,4,Information Science,Female,Graduate,25-34
4,5,5,5,5,5,5,5,5,Data Science,Male,Senior,18-24
5,1,5,3,5,5,5,5,5,Information Science,Female,Graduate,18-24
5,1,5,5,5,5,5,5,5,Data Science,Male,Graduate,25-34
5,4,4,4,4,3,4,3,4,Data Science,Male,Graduate,25-34
5,4,4,4,4,5,4,4,3,Data Science,Male,Graduate,18-24
5,4,4,5,5,4,5,5,4,Data Science,Female,Senior,18-24
5,4,5,5,4,4,4,5,4,Information Science,Male,Graduate,25-34
5,5,4,4,5,4,4,4,5,Data Science,Male,Graduate,25-34
5,5,5,4,5,5,5,5,5,Information Science,Male,Freshman,18-24
5,5,5,4,5,5,5,5,5,Information Science,Male,Graduate,18-24
5,5,5,5,4,4,4,4,4,Information Science,Male,Graduate,18-24
5,5,5,5,5,5,5,5,1,Information Science,Female,Graduate,18-24
5,5,5,5,5,5,5,5,5,Data Science,Female,Graduate,18-24
5,5,5,5,5,5,5,5,5,Data Science,Male,Freshman,25-34
5,5,5,5,5,5,5,5,5,Data Science,Male,Graduate,18-24
5,5,5,5,5,5,5,5,5,Data Science,Male,Graduate,25-34
5,5,5,5,5,5,5,5,5,Data Science,Male,Junior,18-24
5,5,5,5,5,5,5,5,5,Health Infromatics,Male,Graduate,18-24
5,5,5,5,5,5,5,5,5,Information Science,Female,Graduate,18-24
5,5,5,5,5,5,5,5,5,Information Science,Male,Graduate,18-24
5,5,5,5,5,5,5,5,5,Information Science,Male,Graduate,25-34
