﻿What is your gender?,"Your understanding of module content As a result of using this module, what GAINS DID YOU MAKE in your understanding ofeach of the following? - Run","Your understanding of module content As a result of using this module, what GAINS DID YOU MAKE in your understanding ofeach of the following? - Hide","Your understanding of module content As a result of using this module, what GAINS DID YOU MAKE in your understanding ofeach of the following? - Fight"
Female,0,0,1
Female,0,1,2
Female,1,0,1
Female,3,2,3
Female,3,2,4
Female,3,3,2
Female,3,3,3
Female,3,4,4
Female,4,3,3
Female,4,3,4
Female,4,4,3
Female,4,4,4
Female,5,5,4
Female,5,5,5
Male,0,0,0
Male,1,1,1
Male,2,2,2
Male,2,3,3
Male,2,5,5
Male,3,3,3
Male,3,3,4
Male,4,2,0
Male,4,2,2
Male,4,3,4
Male,4,4,2
Male,4,4,4
Male,4,5,4
Male,4,5,5
Male,5,5,5
