﻿What is your gender?,The Module Overall HOW MUCH did the following aspects of the module HELP YOUR LEARNING? - Fight module,The Module Overall HOW MUCH did the following aspects of the module HELP YOUR LEARNING? - Hide module,The Module Overall HOW MUCH did the following aspects of the module HELP YOUR LEARNING? - menus featured in the module,The Module Overall HOW MUCH did the following aspects of the module HELP YOUR LEARNING? - The virtual agents,"The Module Overall HOW MUCH did the following aspects of the module HELP YOUR LEARNING? - Tutorials on run, hide, and fight",The Module Overall HOW MUCH did the following aspects of the module HELP YOUR LEARNING? - Run module,The Module Overall HOW MUCH did the following aspects of the module HELP YOUR LEARNING? - The rules explaining how to use the module
Female,2,2,2,2,2,2,3
Female,2,2,4,3,2,4,3
Female,2,2,5,2,5,2,3
Female,3,3,3,1,2,3,1
Female,3,3,4,3,3,3,2
Female,3,3,4,3,3,4,3
Female,3,3,4,4,3,3,4
Female,3,3,4,4,3,4,4
Female,3,3,4,4,4,3,3
Female,3,4,3,3,3,3,3
Female,3,4,4,3,3,4,4
Female,4,4,4,4,4,4,1
Female,4,4,4,4,4,4,3
Female,4,4,4,4,4,4,4
Female,4,4,4,4,4,4,5
Female,4,4,5,4,5,5,5
Female,5,5,5,5,5,5,4
Male,0,0,0,0,0,0,0
Male,0,0,2,4,1,4,3
Male,1,1,1,3,1,4,1
Male,2,2,0,3,2,4,2
Male,2,2,2,2,2,2,2
Male,3,3,3,3,3,3,3
Male,3,3,3,3,4,3,4
Male,3,3,4,4,3,3,3
Male,3,3,4,4,4,3,4
Male,3,4,4,4,3,4,3
Male,3,4,4,4,4,4,4
Male,4,4,3,4,3,4,4
Male,4,4,4,4,4,3,4
Male,4,4,4,4,4,4,4
Male,4,4,4,4,4,4,5
Male,5,4,4,3,5,4,4
Male,5,4,5,3,4,5,5
Male,5,4,5,4,5,4,4
Male,5,4,5,5,5,5,5
Male,5,5,4,4,3,4,4
Male,5,5,5,5,5,5,5
