﻿"Your understanding of module content As a result of using this module, what GAINS DID YOU MAKE in your understanding ofeach of the following? - Developing programs using active shooter principles learned in this module","Your understanding of module content As a result of using this module, what GAINS DID YOU MAKE in your understanding ofeach of the following? - Identifying and analyzing patterns that make up active shooter events",Age
0,0,18-24
1,1,25-34
2,2,18-24
2,2,25-34
2,3,18-24
2,3,25-34
3,2,25-34
3,3,18-24
3,3,25-34
3,4,18-24
4,3,18-24
4,3,25-34
4,4,18 - 24
4,4,18-24
4,4,25-34
4,4,45-54
4,5,18-24
4,5,25-34
5,2,25-34
5,5,18-24
5,5,25-34
