﻿GEQ for the VRI Modules - I cannot tell where I am in the real world while playing the module,GEQ for the VRI Modules - I got too busy using the module,GEQ for the VRI Modules - I lost track of time while using the module,GEQ for the VRI Modules - I use the module longer than I meant to,"GEQ for the VRI Modules - If someone talks to me while I am using the module, I ignore them",GEQ for the VRI Modules - Interacting with the module seems automatic â€“ I do not have to think about how to complete each task given to me in the module,GEQ for the VRI Modules - My thoughts go fast while using the module,GEQ for the VRI Modules - The moduleâ€™s environment feels like a real-life environment,GEQ for the VRI Modules - Using the module makes me feel calm,What is your major?,What is your classification?,What is your gender?,Did you find this explanation useful?
1,1,1,1,1,1,1,1,1,Data Science,Graduate,Male,18-24
1,3,1,4,3,2,4,5,5,Data Science,Graduate,Male,18-24
1,4,4,4,4,3,3,5,3,Computer Science,Graduate,Male,25-34
1,4,5,1,3,5,2,5,3,Data Science,Graduate,Male,25-34
2,2,2,2,2,2,2,2,2,Data Science,Graduate,Female,18-24
3,2,1,2,3,3,2,3,3,Information Science,Graduate,Female,25-34
3,3,1,3,3,4,3,5,4,Data Science,Graduate,Female,25-34
3,3,1,4,3,3,3,3,4,Data Science,Graduate,Female,25-34
3,3,2,3,3,3,3,3,3,Data Science,Graduate,Male,25-34
3,3,2,3,3,3,3,4,3,Data Science,Graduate,Female,18-24
3,3,3,3,3,3,3,3,3,Data Science,Graduate,Female,25-34
3,3,3,3,3,3,3,3,3,Data Science,Graduate,Male,18-24
3,3,3,3,3,3,3,3,3,Information Science,Graduate,Male,18-24
3,3,3,3,3,3,3,3,3,Information Science,Graduate,Male,25-34
3,3,3,4,4,4,3,5,4,Information Science,Graduate,Male,18-24
3,3,4,3,3,3,3,4,3,Information Science,Graduate,Male,18-24
3,3,4,3,4,4,4,3,4,Data Science,Graduate,Male,18-24
3,4,3,4,3,3,4,5,5,Information Science,Graduate,Female,25-34
3,4,3,4,4,3,3,3,3,Information Science,Graduate,Male,25-34
3,4,4,3,3,3,4,3,3,Data Science,Graduate,Male,25-34
4,1,1,5,2,3,4,5,5,Information Science,Graduate,Male,18-24
4,3,3,4,4,4,4,4,4,Data Science,Graduate,Male,18-24
4,3,3,5,3,3,4,4,4,Data Science,Graduate,Male,18-24
4,3,4,3,4,3,3,3,3,Information Science,Graduate,Female,18-24
4,3,4,5,2,4,4,5,5,Information Science,Graduate,Female,18-24
4,4,3,4,4,3,3,4,4,Data Science,Graduate,Female,18-24
4,4,3,4,4,3,4,4,4,Data Science,Graduate,Female,18-24
4,4,3,5,4,4,4,5,5,Data Science,Graduate,Male,25-34
4,4,4,4,4,3,3,3,4,Data Science,Graduate,Female,25-34
4,4,4,4,4,4,4,4,4,Data Science,Freshman,Female,18-24
4,4,4,4,4,4,4,4,4,Data Science,Graduate,Female,18-24
4,4,4,4,4,4,4,4,4,Data Science,Graduate,Female,25-34
4,4,4,4,4,4,4,4,4,Data Science,Graduate,Male,18-24
4,4,4,4,4,4,4,4,4,Data Science,Graduate,Male,25-34
4,4,4,4,4,4,4,4,4,Data Science,Junior,Male,18-24
4,4,4,4,4,4,4,4,4,Data Science,Senior,Male,25-34
4,4,4,4,4,4,4,4,4,Information Science,Graduate,Female,18-24
4,4,4,4,4,4,4,4,4,Information Science,Graduate,Male,25-34
4,4,4,5,4,4,5,5,4,Data Science,Graduate,Female,25-34
4,4,5,4,3,4,4,4,4,Data Science,Graduate,Male,18-24
4,4,5,4,4,4,4,4,5,Business Analytics,Graduate,Female,25-34
4,4,5,4,4,4,5,5,5,Data Science,Graduate,Male,18-24
4,4,5,4,4,5,4,4,4,Data Science,Graduate,Female,18-24
4,4,5,4,4,5,4,5,4,Data Science,Graduate,Male,25-34
4,5,4,5,5,5,4,4,5,Data Science,Senior,Female,18-24
5,3,1,3,1,1,5,5,5,Data Science,Graduate,Male,25-34
5,3,4,5,4,4,5,4,5,Data Science,Freshman,Male,45-54
5,4,2,4,4,3,4,4,3,Data Science,Graduate,Male,18-24
5,4,3,5,3,4,5,4,5,Data Science,Graduate,Male,25-34
5,4,4,5,4,4,4,4,5,Data Science,Graduate,Male,25-34
5,4,4,5,5,5,5,5,5,Data Science,Graduate,Female,25-34
5,4,5,5,5,4,5,5,5,Information Science,Graduate,Male,25-34
5,5,1,5,5,1,5,5,5,Data Science,Graduate,Female,18-24
5,5,1,5,5,3,5,4,5,Information Science,Graduate,Female,18-24
5,5,3,5,5,5,5,5,5,Information Science,Freshman,Male,18-24
5,5,4,4,4,3,5,4,4,Information Science,Graduate,Male,18-24
5,5,4,5,5,3,4,4,4,Information Science,Graduate,Male,18-24
5,5,4,5,5,5,5,5,4,Information Science,Graduate,Female,18-24
5,5,5,4,5,4,5,4,4,Information Science,Graduate,Female,25-34
5,5,5,5,4,5,5,5,4,Data Science,Senior,Male,18-24
5,5,5,5,5,3,4,5,4,Data Science,Graduate,Female,18-24
5,5,5,5,5,4,5,5,5,Data Science,Graduate,Male,25-34
5,5,5,5,5,5,5,5,5,Data Science,Freshman,Male,25-34
5,5,5,5,5,5,5,5,5,Data Science,Graduate,Male,18-24
5,5,5,5,5,5,5,5,5,Data Science,Graduate,Male,25-34
5,5,5,5,5,5,5,5,5,Health Infromatics,Graduate,Male,18-24
5,5,5,5,5,5,5,5,5,Information Science,Graduate,Female,18-24
5,5,5,5,5,5,5,5,5,Information Science,Graduate,Male,18-24
