﻿"Presence Questionnaire (PQ) for the VRI Modules - When you were interacting with the module, how aware were you of the keyboard and mouse in front of you?",Presence Questionnaire (PQ) for the VRI Modules - Were you able to anticipate what would happen next in response to the actions that you performed (e.g. clicking on a button to view the next tutorial screen or to input an answer to a question)?,Presence Questionnaire (PQ) for the VRI Modules - How well could you identify and locate sounds?,Presence Questionnaire (PQ) for the VRI Modules - To what degree did you feel confused or disoriented at the beginning of breaks or at the end of the experimental session?,"Presence Questionnaire (PQ) for the VRI Modules - How responsive was the environment to actions that you initiated (or performed) such as clicking a button, typing in text, or moving the mouse around?",Presence Questionnaire (PQ) for the VRI Modules - How quickly did you adjust to the virtual environment in the module?,Presence Questionnaire (PQ) for the VRI Modules - How proficient in moving and interacting with the virtual environment did you feel at the end of the experience?,Presence Questionnaire (PQ) for the VRI Modules - How natural did your interactions with the environment seem?,Presence Questionnaire (PQ) for the VRI Modules - How much were you able to move objects in the module as needed?,Presence Questionnaire (PQ) for the VRI Modules - How much did the visual display quality interfere with your ability to perform various tasks within the module?,Presence Questionnaire (PQ) for the VRI Modules - How much did your experiences in the virtual environment seem consistent with your real-world experiences?,Presence Questionnaire (PQ) for the VRI Modules - How much delay did you experience between your actions and expected outcomes?,Presence Questionnaire (PQ) for the VRI Modules - How involving was the virtual environment in the VRI module?,"Presence Questionnaire (PQ) for the VRI Modules - How involved were you in the {run, hide, fight} module?",Presence Questionnaire (PQ) for the VRI Modules - How engaging were the visual aspects of the environment?,Presence Questionnaire (PQ) for the VRI Modules - How engaging were the auditory aspects of the environment?,Presence Questionnaire (PQ) for the VRI Modules - How distracting was it to use the mouse and keyboard in the module?,Presence Questionnaire (PQ) for the VRI Modules - How completely were your sight and hearing senses engaged?,Presence Questionnaire (PQ) for the VRI Modules - How completely were you able to actively survey or search the environment using vision?,Presence Questionnaire (PQ) for the VRI Modules - How closely were you able to examine objects?,Presence Questionnaire (PQ) for the VRI Modules - How aware were you of events occurring in the real world around you?,"Presence Questionnaire (PQ) for the VRI Modules - Did you learn new concepts in the {run, hide, fight} module that enabled you to improve your understating?",What is your classification?,What is your gender?,What is your major?,Did you find this explanation useful?
1,1,1,2,1,2,1,2,2,1,2,2,2,1,2,1,2,1,2,2,2,1,Graduate,Male,Data Science,18-24
3,3,3,3,3,3,3,3,3,3,3,3,3,3,3,3,3,3,3,3,3,3,Graduate,Male,Information Science,25-34
3,3,3,3,3,4,3,3,3,3,3,4,3,3,3,3,3,3,3,3,3,3,Graduate,Female,Data Science,25-34
3,3,3,3,3,4,4,3,3,4,3,4,3,5,3,3,4,3,3,4,3,5,Graduate,Male,Data Science,25-34
4,4,4,4,4,4,4,4,4,4,4,4,4,4,4,4,4,4,4,4,4,4,Freshman,Female,Data Science,18-24
4,5,4,5,5,4,5,4,5,4,4,5,4,4,4,4,4,5,5,4,5,4,Graduate,Female,Information Science,18-24
4,5,4,5,5,4,5,5,4,5,4,5,5,5,5,5,5,5,4,5,6,5,Graduate,Male,Data Science,18-24
4,5,5,5,5,5,4,5,4,5,5,4,5,5,5,4,4,5,5,4,5,5,Graduate,Male,Data Science,18-24
5,4,6,5,4,6,5,4,4,5,6,6,6,5,5,5,6,4,6,5,4,5,Graduate,Male,Information Science,18-24
5,5,3,1,7,7,7,7,1,7,6,1,7,6,7,2,1,6,7,7,3,3,Graduate,Male,Data Science,25-34
5,5,3,5,5,4,7,5,5,4,4,4,4,6,3,4,4,4,4,5,5,5,Graduate,Female,Data Science,25-34
5,5,4,4,4,5,4,5,3,3,5,4,4,4,5,4,4,5,4,4,4,4,Graduate,Male,Data Science,25-34
5,5,5,1,5,3,3,5,5,3,5,4,4,3,5,5,5,5,5,5,5,3,Graduate,Female,Data Science,25-34
5,5,5,4,7,5,5,7,5,4,5,4,5,6,7,5,4,5,4,5,5,6,Graduate,Female,Information Science,25-34
5,5,5,5,5,4,4,5,6,4,5,4,5,4,5,5,4,5,5,5,5,4,Graduate,Female,Data Science,18-24
5,5,5,5,5,5,5,5,5,5,5,5,5,5,5,5,5,5,5,5,5,5,Graduate,Female,Data Science,25-34
5,5,5,5,5,5,5,5,5,5,5,5,5,5,5,5,5,5,5,5,5,5,Graduate,Female,Information Science,25-34
5,5,5,5,5,5,6,6,6,5,6,6,6,5,6,5,5,5,6,6,6,6,Graduate,Female,Information Science,18-24
5,5,5,5,6,5,5,5,5,5,5,5,5,5,5,5,5,5,5,5,5,5,Graduate,Male,Data Science,18-24
5,6,2,2,5,3,3,4,5,5,3,3,3,5,3,5,3,4,6,2,5,5,Graduate,Female,Data Science,18-24
5,6,6,6,5,5,6,5,4,5,6,5,6,7,6,5,6,5,6,6,6,6,Graduate,Male,Data Science,25-34
5,6,7,7,6,7,6,7,7,7,7,7,6,7,7,7,7,6,6,7,6,7,Senior,Male,Data Science,18-24
6,5,4,3,7,6,7,5,4,5,4,2,6,7,7,4,2,5,6,7,4,6,Graduate,Male,Computer Science,25-34
6,5,5,5,6,6,6,5,6,6,5,6,6,6,5,6,6,6,6,5,6,6,Graduate,Male,Data Science,18-24
6,5,6,6,6,7,7,6,5,4,5,6,5,5,6,6,5,6,6,6,5,4,Graduate,Male,Information Science,18-24
6,6,5,6,6,6,6,6,6,6,6,7,6,6,6,5,5,6,6,6,6,6,Graduate,Male,Data Science,18-24
6,6,5,6,7,5,5,6,6,2,6,3,6,6,6,6,5,6,5,6,6,6,Graduate,Female,Data Science,25-34
6,6,6,2,6,6,6,6,6,3,6,2,7,6,6,6,2,6,6,7,6,4,Graduate,Male,Data Science,25-34
6,6,6,3,5,5,5,6,5,4,6,4,4,5,5,6,4,6,5,6,5,5,Graduate,Female,Data Science,18-24
6,6,6,4,7,5,6,6,6,7,6,5,5,7,7,7,5,7,5,6,7,7,Graduate,Male,Information Science,18-24
6,6,6,6,5,7,7,6,5,7,6,7,7,7,6,6,7,6,6,6,5,6,Graduate,Female,Data Science,18-24
6,6,6,6,6,6,6,6,3,6,6,6,6,6,6,6,6,6,6,6,6,6,Freshman,Male,Data Science,45-54
6,6,6,6,6,6,6,6,6,6,6,6,6,6,6,6,6,5,6,6,6,6,Graduate,Female,Information Science,18-24
6,6,6,6,6,6,6,6,6,6,6,6,6,6,6,6,6,6,6,6,6,6,Freshman,Male,Data Science,25-34
6,6,6,6,6,6,6,6,6,6,6,6,6,6,6,6,6,6,6,6,6,6,Graduate,Female,Data Science,25-34
6,6,6,6,6,6,6,6,6,6,6,6,6,6,6,6,6,6,6,6,6,6,Graduate,Male,Data Science,18-24
6,6,6,6,6,6,6,6,6,6,6,6,6,6,6,6,6,6,6,6,6,6,Graduate,Male,Information Science,18-24
6,6,6,6,6,6,6,6,6,6,6,6,6,6,6,6,6,6,6,6,6,6,Senior,Male,Data Science,25-34
6,6,6,6,6,6,6,7,7,5,7,6,7,6,6,7,7,6,6,7,7,5,Senior,Female,Data Science,18-24
6,6,6,6,7,6,4,6,7,4,6,6,6,6,6,6,6,6,6,6,6,6,Graduate,Female,Data Science,18-24
6,6,6,6,7,6,6,6,6,6,6,6,6,6,6,6,6,6,6,6,6,6,Graduate,Male,Data Science,25-34
6,6,6,7,7,6,6,5,6,7,7,7,6,7,7,6,6,6,6,6,6,7,Graduate,Female,Data Science,25-34
6,6,7,6,4,7,7,4,3,7,6,7,7,7,6,6,7,5,6,6,6,7,Graduate,Female,Business Analytics,25-34
6,7,6,6,6,7,6,6,6,7,6,6,7,7,6,6,6,6,6,6,6,6,Graduate,Male,Information Science,18-24
6,7,6,7,7,4,4,7,6,5,6,6,7,6,6,7,6,7,6,7,5,6,Graduate,Male,Data Science,25-34
6,7,7,6,7,7,7,6,7,7,7,7,6,7,7,7,7,6,7,6,6,7,Graduate,Female,Information Science,25-34
7,4,2,1,4,7,7,6,7,7,7,2,7,7,4,4,2,4,6,7,4,7,Graduate,Female,Data Science,18-24
7,6,5,6,7,7,6,5,7,6,5,7,6,7,7,5,7,7,7,7,7,6,Graduate,Male,Information Science,25-34
7,6,7,7,6,6,7,7,7,7,7,7,6,7,7,6,7,6,7,6,7,7,Graduate,Male,Data Science,18-24
7,7,4,1,7,6,7,7,7,1,7,5,7,6,2,3,6,3,7,7,7,1,Graduate,Female,Information Science,18-24
7,7,5,7,7,7,7,7,6,6,7,7,7,7,7,7,7,7,7,7,7,7,Graduate,Male,Information Science,25-34
7,7,6,6,6,7,6,6,7,6,6,6,7,6,7,6,6,6,6,7,6,6,Graduate,Male,Data Science,18-24
7,7,7,7,5,6,7,4,5,7,7,7,7,7,7,5,7,5,7,7,7,7,Graduate,Male,Data Science,18-24
7,7,7,7,6,7,7,7,5,7,7,6,7,7,6,7,6,7,7,5,7,7,Graduate,Female,Information Science,18-24
7,7,7,7,7,6,7,7,6,7,7,7,7,6,7,7,6,7,7,7,7,7,Graduate,Male,Data Science,18-24
7,7,7,7,7,7,7,6,6,7,7,7,7,7,7,7,7,7,7,7,7,7,Graduate,Female,Data Science,18-24
7,7,7,7,7,7,7,6,7,7,6,7,7,7,6,7,7,7,6,7,6,7,Graduate,Male,Data Science,25-34
7,7,7,7,7,7,7,7,7,7,7,7,7,7,7,7,7,6,7,6,7,7,Graduate,Male,Information Science,25-34
7,7,7,7,7,7,7,7,7,7,7,7,7,7,7,7,7,7,7,7,7,7,Freshman,Male,Information Science,18-24
7,7,7,7,7,7,7,7,7,7,7,7,7,7,7,7,7,7,7,7,7,7,Graduate,Female,Data Science,18-24
7,7,7,7,7,7,7,7,7,7,7,7,7,7,7,7,7,7,7,7,7,7,Graduate,Female,Information Science,18-24
7,7,7,7,7,7,7,7,7,7,7,7,7,7,7,7,7,7,7,7,7,7,Graduate,Male,Data Science,18-24
7,7,7,7,7,7,7,7,7,7,7,7,7,7,7,7,7,7,7,7,7,7,Graduate,Male,Data Science,25-34
7,7,7,7,7,7,7,7,7,7,7,7,7,7,7,7,7,7,7,7,7,7,Graduate,Male,Health Infromatics,18-24
7,7,7,7,7,7,7,7,7,7,7,7,7,7,7,7,7,7,7,7,7,7,Graduate,Male,Information Science,18-24
7,7,7,7,7,7,7,7,7,7,7,7,7,7,7,7,7,7,7,7,7,7,Junior,Male,Data Science,18-24
