﻿What is your major?,What is your gender?,What is your classification?,Did you find this explanation useful?,"Your understanding of module content As a result of using this module, what GAINS DID YOU MAKE in your understanding ofeach of the following? - Fight","Your understanding of module content As a result of using this module, what GAINS DID YOU MAKE in your understanding ofeach of the following? - Hide","Your understanding of module content As a result of using this module, what GAINS DID YOU MAKE in your understanding ofeach of the following? - How ideas from this module relate to ideas encountered in real world","Your understanding of module content As a result of using this module, what GAINS DID YOU MAKE in your understanding ofeach of the following? - Run"
Business Analytics,Female,Graduate,25-34,4,5,3,5
Computer Science,Male,Graduate,25-34,0,2,4,4
Data Science,Female,Freshman,18-24,4,4,4,4
Data Science,Female,Graduate,18-24,1,0,3,1
Data Science,Female,Graduate,18-24,2,1,3,0
Data Science,Female,Graduate,18-24,3,2,4,3
Data Science,Female,Graduate,18-24,3,3,3,3
Data Science,Female,Graduate,18-24,4,4,4,3
Data Science,Female,Graduate,18-24,4,4,4,4
Data Science,Female,Graduate,18-24,5,5,5,5
Data Science,Female,Graduate,25-34,3,3,3,3
Data Science,Female,Graduate,25-34,3,3,4,4
Data Science,Female,Graduate,25-34,4,2,4,3
Data Science,Female,Graduate,25-34,4,4,4,4
Data Science,Female,Senior,18-24,4,3,5,4
Data Science,Male,Freshman,25-34,4,4,3,4
Data Science,Male,Freshman,45-54,5,5,4,5
Data Science,Male,Graduate,18-24,0,0,0,0
Data Science,Male,Graduate,18-24,4,3,3,3
Data Science,Male,Graduate,18-24,4,3,4,4
Data Science,Male,Graduate,18-24,4,4,4,4
Data Science,Male,Graduate,18-24,4,4,5,4
Data Science,Male,Graduate,18-24,5,5,4,4
Data Science,Male,Graduate,18-24,5,5,5,4
Data Science,Male,Graduate,18-24,5,5,5,5
Data Science,Male,Graduate,25-34,2,2,2,2
Data Science,Male,Graduate,25-34,2,2,4,4
Data Science,Male,Graduate,25-34,3,3,3,2
Data Science,Male,Graduate,25-34,4,4,3,4
Data Science,Male,Graduate,25-34,4,4,4,4
Data Science,Male,Graduate,25-34,4,5,3,4
Data Science,Male,Graduate,25-34,5,5,5,5
Data Science,Male,Junior,18-24,4,4,4,4
Data Science,Male,Senior,18-24,5,5,5,5
Data Science,Male,Senior,25-34,1,1,2,1
Health Infromatics,Male,Graduate,18-24,4,4,4,4
Information Science,Female,Graduate,18-24,1,0,2,0
Information Science,Female,Graduate,18-24,3,3,4,3
Information Science,Female,Graduate,18-24,3,4,4,4
Information Science,Female,Graduate,18-24,4,4,4,4
Information Science,Female,Graduate,18-24,4,4,5,4
Information Science,Female,Graduate,25-34,2,3,4,3
Information Science,Female,Graduate,25-34,4,4,4,4
Information Science,Female,Graduate,25-34,5,5,4,5
Information Science,Male,Freshman,18-24,4,4,4,4
Information Science,Male,Graduate,18-24,2,4,5,4
Information Science,Male,Graduate,18-24,3,3,3,3
Information Science,Male,Graduate,18-24,4,4,4,4
Information Science,Male,Graduate,18-24,4,5,4,4
Information Science,Male,Graduate,18-24,5,5,5,5
Information Science,Male,Graduate,25-34,2,2,2,2
Information Science,Male,Graduate,25-34,4,4,4,4
Information Science,Male,Graduate,25-34,5,5,4,2
