﻿TAM Questionnaire for the VRI ModulePerceived usefulness towards the VRI Module - I found the VRI Module useful in my evacuation,TAM Questionnaire for the VRI ModulePerceived usefulness towards the VRI Module - The addition of training would help me evacuate better than just looking at instructions,TAM Questionnaire for the VRI ModulePerceived usefulness towards the VRI Module - The addition of smoke and fire made the environment more realistic,TAM Questionnaire for the VRI ModulePerceived usefulness towards the VRI Module - Using the VRI Module during evacuation would shorten my evacuation time,TAM Questionnaire for the VRI ModulePerceived usefulness towards the VRI Module - Using the VRI Module would enable me to accomplish evacuation safely,TAM Questionnaire for the VRI ModulePerceived usefulness towards the VRI Module - Using the VRI Module would make evacuation easier for me,Did you find this explanation useful?,What is your major?,What is your gender?,What is your classification?
1,1,1,1,1,1,18-24,Data Science,Female,Graduate
1,1,1,1,1,1,18-24,Data Science,Male,Graduate
1,1,1,1,1,1,18-24,Information Science,Female,Graduate
1,1,1,1,1,1,18-24,Information Science,Male,Graduate
1,1,1,1,1,1,25-34,Data Science,Female,Graduate
1,1,1,1,1,1,25-34,Data Science,Male,Graduate
1,1,1,1,3,1,18-24,Information Science,Female,Graduate
1,1,1,2,1,1,25-34,Information Science,Male,Graduate
1,1,4,2,2,1,25-34,Data Science,Male,Graduate
2,1,2,1,1,1,18-24,Data Science,Male,Graduate
2,2,1,2,2,3,18-24,Information Science,Male,Graduate
2,2,2,1,1,2,18-24,Information Science,Female,Graduate
2,2,2,1,1,2,25-34,Business Analytics,Female,Graduate
2,3,3,2,3,2,18-24,Information Science,Female,Graduate
3,2,2,3,2,3,18-24,Data Science,Male,Graduate
3,2,3,2,2,2,25-34,Data Science,Male,Graduate
3,3,3,1,1,1,18-24,Information Science,Male,Graduate
3,3,3,3,3,3,18-24,Information Science,Female,Graduate
3,3,3,3,3,3,25-34,Data Science,Female,Graduate
3,3,3,3,3,3,25-34,Information Science,Male,Graduate
3,3,3,4,3,4,18-24,Data Science,Female,Graduate
3,3,4,4,4,4,25-34,Data Science,Male,Graduate
4,4,4,4,4,4,18-24,Data Science,Female,Freshman
4,4,4,4,4,4,18-24,Data Science,Male,Graduate
4,4,4,4,4,4,25-34,Data Science,Male,Senior
4,4,4,5,4,4,18-24,Data Science,Female,Graduate
4,4,5,4,4,5,18-24,Information Science,Female,Graduate
4,5,4,4,5,5,18-24,Data Science,Female,Graduate
4,5,4,5,4,5,25-34,Information Science,Male,Graduate
4,6,3,5,5,6,25-34,Data Science,Female,Graduate
5,4,6,6,6,6,25-34,Information Science,Female,Graduate
5,5,1,5,5,5,25-34,Data Science,Female,Graduate
5,5,5,3,5,5,18-24,Data Science,Male,Graduate
5,5,5,5,4,5,18-24,Data Science,Female,Graduate
5,5,5,5,5,5,25-34,Data Science,Female,Graduate
5,5,5,5,5,5,25-34,Data Science,Male,Graduate
5,5,5,5,5,5,25-34,Information Science,Female,Graduate
5,5,5,5,5,5,45-54,Data Science,Male,Freshman
5,5,5,6,5,5,25-34,Data Science,Male,Graduate
5,6,6,7,6,5,25-34,Data Science,Male,Graduate
6,5,6,5,6,5,18-24,Data Science,Male,Graduate
6,5,6,6,6,6,18-24,Data Science,Male,Graduate
6,6,6,6,6,5,18-24,Information Science,Male,Graduate
6,6,6,6,6,6,18-24,Data Science,Female,Graduate
6,6,6,6,6,6,18-24,Data Science,Male,Graduate
6,6,6,6,6,6,18-24,Health Infromatics,Male,Graduate
6,6,6,6,6,6,18-24,Information Science,Female,Graduate
6,6,6,6,6,6,25-34,Data Science,Male,Graduate
6,6,6,6,7,6,25-34,Data Science,Male,Freshman
6,6,7,6,6,6,18-24,Data Science,Male,Graduate
6,6,7,6,7,7,18-24,Data Science,Female,Senior
6,7,6,6,6,7,18-24,Data Science,Male,Graduate
7,6,6,4,6,6,25-34,Computer Science,Male,Graduate
7,6,6,6,6,5,25-34,Data Science,Female,Graduate
7,6,7,6,6,7,18-24,Information Science,Male,Graduate
7,6,7,7,6,6,18-24,Data Science,Female,Graduate
7,6,7,7,6,6,18-24,Data Science,Male,Graduate
7,7,7,6,5,7,18-24,Information Science,Female,Graduate
7,7,7,6,6,7,18-24,Information Science,Male,Graduate
7,7,7,6,6,7,25-34,Information Science,Female,Graduate
7,7,7,7,6,7,18-24,Information Science,Male,Freshman
7,7,7,7,7,6,18-24,Data Science,Male,Senior
7,7,7,7,7,7,18-24,Data Science,Female,Graduate
7,7,7,7,7,7,18-24,Data Science,Male,Graduate
7,7,7,7,7,7,18-24,Data Science,Male,Junior
7,7,7,7,7,7,18-24,Information Science,Male,Graduate
7,7,7,7,7,7,25-34,Data Science,Male,Graduate
7,7,7,7,7,7,25-34,Information Science,Male,Graduate
